{
  "test_accuracy": 52.5,
  "classification_report": {
    "0": {
      "precision": 0.5,
      "recall": 0.4,
      "f1-score": 0.4444444444444445,
      "support": 20.0
    },
    "1": {
      "precision": 0.5,
      "recall": 0.85,
      "f1-score": 0.6296296296296295,
      "support": 20.0
    },
    "2": {
      "precision": 1.0,
      "recall": 0.45,
      "f1-score": 0.6206896551724138,
      "support": 20.0
    },
    "3": {
      "precision": 0.6,
      "recall": 0.3,
      "f1-score": 0.4,
      "support": 20.0
    },
    "4": {
      "precision": 0.7619047619047619,
      "recall": 0.8,
      "f1-score": 0.7804878048780488,
      "support": 20.0
    },
    "5": {
      "precision": 0.55,
      "recall": 0.55,
      "f1-score": 0.55,
      "support": 20.0
    },
    "6": {
      "precision": 0.6666666666666666,
      "recall": 0.5,
      "f1-score": 0.5714285714285715,
      "support": 20.0
    },
    "7": {
      "precision": 0.6153846153846154,
      "recall": 0.8,
      "f1-score": 0.6956521739130435,
      "support": 20.0
    },
    "8": {
      "precision": 0.25,
      "recall": 0.6,
      "f1-score": 0.35294117647058826,
      "support": 20.0
    },
    "9": {
      "precision": 0.0,
      "recall": 0.0,
      "f1-score": 0.0,
      "support": 20.0
    },
    "accuracy": 0.525,
    "macro avg": {
      "precision": 0.5443956043956044,
      "recall": 0.525,
      "f1-score": 0.504527345593674,
      "support": 200.0
    },
    "weighted avg": {
      "precision": 0.5443956043956044,
      "recall": 0.525,
      "f1-score": 0.504527345593674,
      "support": 200.0
    }
  },
  "confusion_matrix": [
    [
      8,
      0,
      0,
      0,
      0,
      2,
      1,
      0,
      9,
      0
    ],
    [
      0,
      17,
      0,
      2,
      0,
      0,
      0,
      0,
      1,
      0
    ],
    [
      0,
      0,
      9,
      2,
      0,
      1,
      0,
      8,
      0,
      0
    ],
    [
      0,
      8,
      0,
      6,
      0,
      3,
      0,
      2,
      0,
      1
    ],
    [
      0,
      2,
      0,
      0,
      16,
      0,
      0,
      0,
      2,
      0
    ],
    [
      3,
      1,
      0,
      0,
      0,
      11,
      1,
      0,
      4,
      0
    ],
    [
      0,
      0,
      0,
      0,
      3,
      0,
      10,
      0,
      7,
      0
    ],
    [
      0,
      4,
      0,
      0,
      0,
      0,
      0,
      16,
      0,
      0
    ],
    [
      0,
      2,
      0,
      0,
      2,
      3,
      1,
      0,
      12,
      0
    ],
    [
      5,
      0,
      0,
      0,
      0,
      0,
      2,
      0,
      13,
      0
    ]
  ],
  "predictions": [
    8,
    4,
    8,
    8,
    1,
    5,
    4,
    1,
    7,
    4,
    6,
    8,
    1,
    8,
    1,
    6,
    1,
    2,
    7,
    8,
    0,
    1,
    8,
    5,
    1,
    2,
    8,
    0,
    0,
    5,
    7,
    8,
    7,
    8,
    7,
    5,
    8,
    7,
    2,
    5,
    8,
    1,
    4,
    7,
    6,
    0,
    0,
    7,
    7,
    7,
    1,
    7,
    6,
    8,
    8,
    7,
    5,
    6,
    7,
    7,
    2,
    3,
    4,
    4,
    7,
    8,
    8,
    1,
    6,
    5,
    1,
    0,
    5,
    1,
    8,
    4,
    0,
    0,
    6,
    3,
    3,
    1,
    8,
    5,
    8,
    8,
    4,
    6,
    4,
    8,
    2,
    1,
    4,
    3,
    3,
    1,
    0,
    7,
    6,
    1,
    5,
    8,
    8,
    8,
    4,
    1,
    6,
    8,
    5,
    4,
    4,
    1,
    5,
    6,
    0,
    7,
    1,
    1,
    3,
    6,
    7,
    0,
    8,
    1,
    8,
    2,
    1,
    0,
    7,
    0,
    8,
    0,
    3,
    8,
    8,
    4,
    5,
    9,
    8,
    1,
    7,
    4,
    8,
    5,
    1,
    8,
    0,
    7,
    3,
    7,
    5,
    0,
    4,
    8,
    8,
    7,
    5,
    1,
    4,
    1,
    1,
    6,
    2,
    1,
    8,
    1,
    8,
    1,
    6,
    8,
    3,
    5,
    6,
    4,
    5,
    5,
    8,
    8,
    1,
    2,
    5,
    8,
    2,
    8,
    7,
    3,
    7,
    4,
    1,
    8,
    8,
    8,
    4,
    7,
    4,
    1,
    1,
    8,
    8,
    8
  ],
  "targets": [
    0,
    4,
    9,
    1,
    7,
    5,
    8,
    1,
    7,
    6,
    6,
    9,
    8,
    9,
    1,
    6,
    1,
    2,
    2,
    8,
    0,
    5,
    8,
    5,
    1,
    2,
    8,
    0,
    5,
    3,
    3,
    8,
    7,
    0,
    7,
    8,
    9,
    7,
    2,
    3,
    8,
    3,
    4,
    7,
    6,
    9,
    9,
    2,
    7,
    7,
    1,
    7,
    6,
    8,
    9,
    7,
    5,
    6,
    7,
    7,
    2,
    3,
    6,
    8,
    7,
    6,
    6,
    1,
    0,
    5,
    1,
    0,
    5,
    8,
    8,
    4,
    0,
    9,
    6,
    3,
    1,
    1,
    9,
    3,
    6,
    6,
    4,
    6,
    4,
    8,
    2,
    1,
    4,
    1,
    3,
    1,
    0,
    2,
    6,
    7,
    8,
    4,
    8,
    6,
    4,
    1,
    6,
    9,
    5,
    4,
    4,
    4,
    5,
    9,
    0,
    7,
    1,
    3,
    3,
    5,
    2,
    5,
    0,
    4,
    6,
    2,
    1,
    5,
    7,
    0,
    5,
    9,
    2,
    0,
    0,
    4,
    5,
    3,
    4,
    3,
    2,
    4,
    9,
    0,
    3,
    9,
    9,
    2,
    3,
    3,
    5,
    0,
    4,
    0,
    0,
    7,
    8,
    3,
    4,
    3,
    1,
    6,
    2,
    1,
    6,
    3,
    0,
    7,
    8,
    8,
    2,
    5,
    9,
    4,
    0,
    5,
    9,
    8,
    7,
    2,
    2,
    5,
    2,
    8,
    2,
    3,
    7,
    4,
    3,
    5,
    9,
    0,
    4,
    2,
    6,
    1,
    1,
    9,
    5,
    9
  ],
  "evaluation_time": "2025-10-23 16:17:23"
}