{
  "test_accuracy": 95.5,
  "classification_report": {
    "0": {
      "precision": 1.0,
      "recall": 0.9,
      "f1-score": 0.9473684210526316,
      "support": 20
    },
    "1": {
      "precision": 1.0,
      "recall": 1.0,
      "f1-score": 1.0,
      "support": 20
    },
    "2": {
      "precision": 1.0,
      "recall": 0.9,
      "f1-score": 0.9473684210526316,
      "support": 20
    },
    "3": {
      "precision": 0.8695652173913043,
      "recall": 1.0,
      "f1-score": 0.9302325581395349,
      "support": 20
    },
    "4": {
      "precision": 1.0,
      "recall": 0.95,
      "f1-score": 0.9743589743589743,
      "support": 20
    },
    "5": {
      "precision": 1.0,
      "recall": 0.9,
      "f1-score": 0.9473684210526316,
      "support": 20
    },
    "6": {
      "precision": 0.9,
      "recall": 0.9,
      "f1-score": 0.9,
      "support": 20
    },
    "7": {
      "precision": 1.0,
      "recall": 1.0,
      "f1-score": 1.0,
      "support": 20
    },
    "8": {
      "precision": 0.8695652173913043,
      "recall": 1.0,
      "f1-score": 0.9302325581395349,
      "support": 20
    },
    "9": {
      "precision": 0.9523809523809523,
      "recall": 1.0,
      "f1-score": 0.975609756097561,
      "support": 20
    },
    "accuracy": 0.955,
    "macro avg": {
      "precision": 0.959151138716356,
      "recall": 0.9550000000000001,
      "f1-score": 0.9552539109893502,
      "support": 200
    },
    "weighted avg": {
      "precision": 0.9591511387163562,
      "recall": 0.955,
      "f1-score": 0.9552539109893501,
      "support": 200
    }
  },
  "confusion_matrix": [
    [
      18,
      0,
      0,
      0,
      0,
      0,
      1,
      0,
      1,
      0
    ],
    [
      0,
      20,
      0,
      0,
      0,
      0,
      0,
      0,
      0,
      0
    ],
    [
      0,
      0,
      18,
      2,
      0,
      0,
      0,
      0,
      0,
      0
    ],
    [
      0,
      0,
      0,
      20,
      0,
      0,
      0,
      0,
      0,
      0
    ],
    [
      0,
      0,
      0,
      0,
      19,
      0,
      1,
      0,
      0,
      0
    ],
    [
      0,
      0,
      0,
      1,
      0,
      18,
      0,
      0,
      0,
      1
    ],
    [
      0,
      0,
      0,
      0,
      0,
      0,
      18,
      0,
      2,
      0
    ],
    [
      0,
      0,
      0,
      0,
      0,
      0,
      0,
      20,
      0,
      0
    ],
    [
      0,
      0,
      0,
      0,
      0,
      0,
      0,
      0,
      20,
      0
    ],
    [
      0,
      0,
      0,
      0,
      0,
      0,
      0,
      0,
      0,
      20
    ]
  ],
  "predictions": [
    0,
    4,
    9,
    1,
    7,
    5,
    8,
    1,
    7,
    8,
    6,
    9,
    8,
    9,
    1,
    6,
    1,
    3,
    2,
    8,
    0,
    5,
    8,
    5,
    1,
    2,
    8,
    0,
    9,
    3,
    3,
    8,
    7,
    0,
    7,
    8,
    9,
    7,
    2,
    3,
    8,
    3,
    4,
    7,
    6,
    9,
    9,
    2,
    7,
    7,
    1,
    7,
    6,
    8,
    9,
    7,
    5,
    6,
    7,
    7,
    2,
    3,
    6,
    8,
    7,
    6,
    6,
    1,
    8,
    5,
    1,
    0,
    5,
    8,
    8,
    4,
    0,
    9,
    6,
    3,
    1,
    1,
    9,
    3,
    6,
    6,
    4,
    6,
    4,
    8,
    2,
    1,
    4,
    1,
    3,
    1,
    0,
    2,
    6,
    7,
    8,
    4,
    8,
    6,
    6,
    1,
    6,
    9,
    5,
    4,
    4,
    4,
    5,
    9,
    0,
    7,
    1,
    3,
    3,
    5,
    2,
    5,
    0,
    4,
    6,
    2,
    1,
    5,
    7,
    0,
    5,
    9,
    2,
    6,
    0,
    4,
    5,
    3,
    4,
    3,
    2,
    4,
    9,
    0,
    3,
    9,
    9,
    2,
    3,
    3,
    5,
    0,
    4,
    0,
    0,
    7,
    8,
    3,
    4,
    3,
    1,
    6,
    2,
    1,
    6,
    3,
    0,
    7,
    8,
    8,
    2,
    3,
    9,
    4,
    0,
    5,
    9,
    8,
    7,
    3,
    2,
    5,
    2,
    8,
    2,
    3,
    7,
    4,
    3,
    5,
    9,
    0,
    4,
    2,
    8,
    1,
    1,
    9,
    5,
    9
  ],
  "targets": [
    0,
    4,
    9,
    1,
    7,
    5,
    8,
    1,
    7,
    6,
    6,
    9,
    8,
    9,
    1,
    6,
    1,
    2,
    2,
    8,
    0,
    5,
    8,
    5,
    1,
    2,
    8,
    0,
    5,
    3,
    3,
    8,
    7,
    0,
    7,
    8,
    9,
    7,
    2,
    3,
    8,
    3,
    4,
    7,
    6,
    9,
    9,
    2,
    7,
    7,
    1,
    7,
    6,
    8,
    9,
    7,
    5,
    6,
    7,
    7,
    2,
    3,
    6,
    8,
    7,
    6,
    6,
    1,
    0,
    5,
    1,
    0,
    5,
    8,
    8,
    4,
    0,
    9,
    6,
    3,
    1,
    1,
    9,
    3,
    6,
    6,
    4,
    6,
    4,
    8,
    2,
    1,
    4,
    1,
    3,
    1,
    0,
    2,
    6,
    7,
    8,
    4,
    8,
    6,
    4,
    1,
    6,
    9,
    5,
    4,
    4,
    4,
    5,
    9,
    0,
    7,
    1,
    3,
    3,
    5,
    2,
    5,
    0,
    4,
    6,
    2,
    1,
    5,
    7,
    0,
    5,
    9,
    2,
    0,
    0,
    4,
    5,
    3,
    4,
    3,
    2,
    4,
    9,
    0,
    3,
    9,
    9,
    2,
    3,
    3,
    5,
    0,
    4,
    0,
    0,
    7,
    8,
    3,
    4,
    3,
    1,
    6,
    2,
    1,
    6,
    3,
    0,
    7,
    8,
    8,
    2,
    5,
    9,
    4,
    0,
    5,
    9,
    8,
    7,
    2,
    2,
    5,
    2,
    8,
    2,
    3,
    7,
    4,
    3,
    5,
    9,
    0,
    4,
    2,
    6,
    1,
    1,
    9,
    5,
    9
  ],
  "evaluation_time": "2025-10-27 09:21:27"
}