{
  "test_accuracy": 82.5,
  "classification_report": {
    "0": {
      "precision": 0.9166666666666666,
      "recall": 0.55,
      "f1-score": 0.6874999999999999,
      "support": 20.0
    },
    "1": {
      "precision": 0.8888888888888888,
      "recall": 0.8,
      "f1-score": 0.8421052631578948,
      "support": 20.0
    },
    "2": {
      "precision": 1.0,
      "recall": 0.85,
      "f1-score": 0.9189189189189189,
      "support": 20.0
    },
    "3": {
      "precision": 0.76,
      "recall": 0.95,
      "f1-score": 0.8444444444444444,
      "support": 20.0
    },
    "4": {
      "precision": 0.9473684210526315,
      "recall": 0.9,
      "f1-score": 0.9230769230769231,
      "support": 20.0
    },
    "5": {
      "precision": 0.8,
      "recall": 0.8,
      "f1-score": 0.8000000000000002,
      "support": 20.0
    },
    "6": {
      "precision": 0.7727272727272727,
      "recall": 0.85,
      "f1-score": 0.8095238095238095,
      "support": 20.0
    },
    "7": {
      "precision": 0.9,
      "recall": 0.9,
      "f1-score": 0.9,
      "support": 20.0
    },
    "8": {
      "precision": 0.6818181818181818,
      "recall": 0.75,
      "f1-score": 0.7142857142857143,
      "support": 20.0
    },
    "9": {
      "precision": 0.72,
      "recall": 0.9,
      "f1-score": 0.7999999999999999,
      "support": 20.0
    },
    "accuracy": 0.825,
    "macro avg": {
      "precision": 0.8387469431153642,
      "recall": 0.825,
      "f1-score": 0.8239855073407705,
      "support": 200.0
    },
    "weighted avg": {
      "precision": 0.8387469431153641,
      "recall": 0.825,
      "f1-score": 0.8239855073407705,
      "support": 200.0
    }
  },
  "confusion_matrix": [
    [
      11,
      0,
      0,
      0,
      0,
      2,
      1,
      0,
      2,
      4
    ],
    [
      0,
      16,
      0,
      1,
      0,
      1,
      0,
      2,
      0,
      0
    ],
    [
      0,
      0,
      17,
      3,
      0,
      0,
      0,
      0,
      0,
      0
    ],
    [
      0,
      0,
      0,
      19,
      0,
      0,
      0,
      0,
      0,
      1
    ],
    [
      0,
      1,
      0,
      0,
      18,
      1,
      0,
      0,
      0,
      0
    ],
    [
      1,
      0,
      0,
      1,
      0,
      16,
      0,
      0,
      1,
      1
    ],
    [
      0,
      0,
      0,
      0,
      0,
      0,
      17,
      0,
      3,
      0
    ],
    [
      0,
      1,
      0,
      1,
      0,
      0,
      0,
      18,
      0,
      0
    ],
    [
      0,
      0,
      0,
      0,
      1,
      0,
      3,
      0,
      15,
      1
    ],
    [
      0,
      0,
      0,
      0,
      0,
      0,
      1,
      0,
      1,
      18
    ]
  ],
  "predictions": [
    8,
    4,
    9,
    3,
    7,
    5,
    8,
    1,
    7,
    8,
    6,
    9,
    8,
    9,
    1,
    6,
    1,
    3,
    2,
    8,
    0,
    5,
    8,
    5,
    1,
    2,
    6,
    0,
    0,
    3,
    3,
    8,
    7,
    0,
    7,
    8,
    9,
    7,
    2,
    3,
    8,
    3,
    4,
    7,
    6,
    9,
    9,
    2,
    7,
    7,
    1,
    7,
    6,
    6,
    9,
    7,
    5,
    6,
    7,
    7,
    2,
    3,
    6,
    4,
    7,
    6,
    6,
    1,
    8,
    5,
    1,
    0,
    5,
    8,
    8,
    4,
    0,
    9,
    6,
    3,
    7,
    1,
    9,
    3,
    6,
    8,
    4,
    6,
    4,
    8,
    2,
    1,
    4,
    7,
    3,
    1,
    0,
    2,
    6,
    3,
    8,
    4,
    6,
    6,
    4,
    1,
    6,
    9,
    5,
    4,
    4,
    4,
    5,
    9,
    0,
    7,
    1,
    3,
    3,
    8,
    2,
    5,
    9,
    1,
    6,
    2,
    1,
    5,
    7,
    9,
    5,
    9,
    2,
    6,
    9,
    5,
    5,
    9,
    4,
    3,
    2,
    4,
    9,
    0,
    3,
    8,
    9,
    2,
    3,
    3,
    5,
    0,
    4,
    0,
    5,
    7,
    8,
    3,
    4,
    3,
    1,
    6,
    2,
    1,
    6,
    3,
    0,
    7,
    9,
    8,
    2,
    3,
    6,
    4,
    5,
    5,
    9,
    8,
    1,
    3,
    3,
    9,
    2,
    8,
    2,
    3,
    7,
    4,
    3,
    5,
    9,
    9,
    4,
    2,
    8,
    5,
    1,
    9,
    5,
    9
  ],
  "targets": [
    0,
    4,
    9,
    1,
    7,
    5,
    8,
    1,
    7,
    6,
    6,
    9,
    8,
    9,
    1,
    6,
    1,
    2,
    2,
    8,
    0,
    5,
    8,
    5,
    1,
    2,
    8,
    0,
    5,
    3,
    3,
    8,
    7,
    0,
    7,
    8,
    9,
    7,
    2,
    3,
    8,
    3,
    4,
    7,
    6,
    9,
    9,
    2,
    7,
    7,
    1,
    7,
    6,
    8,
    9,
    7,
    5,
    6,
    7,
    7,
    2,
    3,
    6,
    8,
    7,
    6,
    6,
    1,
    0,
    5,
    1,
    0,
    5,
    8,
    8,
    4,
    0,
    9,
    6,
    3,
    1,
    1,
    9,
    3,
    6,
    6,
    4,
    6,
    4,
    8,
    2,
    1,
    4,
    1,
    3,
    1,
    0,
    2,
    6,
    7,
    8,
    4,
    8,
    6,
    4,
    1,
    6,
    9,
    5,
    4,
    4,
    4,
    5,
    9,
    0,
    7,
    1,
    3,
    3,
    5,
    2,
    5,
    0,
    4,
    6,
    2,
    1,
    5,
    7,
    0,
    5,
    9,
    2,
    0,
    0,
    4,
    5,
    3,
    4,
    3,
    2,
    4,
    9,
    0,
    3,
    9,
    9,
    2,
    3,
    3,
    5,
    0,
    4,
    0,
    0,
    7,
    8,
    3,
    4,
    3,
    1,
    6,
    2,
    1,
    6,
    3,
    0,
    7,
    8,
    8,
    2,
    5,
    9,
    4,
    0,
    5,
    9,
    8,
    7,
    2,
    2,
    5,
    2,
    8,
    2,
    3,
    7,
    4,
    3,
    5,
    9,
    0,
    4,
    2,
    6,
    1,
    1,
    9,
    5,
    9
  ],
  "evaluation_time": "2025-10-26 20:37:11"
}