{
  "test_accuracy": 96.0,
  "classification_report": {
    "0": {
      "precision": 1.0,
      "recall": 0.95,
      "f1-score": 0.9743589743589743,
      "support": 20.0
    },
    "1": {
      "precision": 1.0,
      "recall": 1.0,
      "f1-score": 1.0,
      "support": 20.0
    },
    "2": {
      "precision": 1.0,
      "recall": 0.9,
      "f1-score": 0.9473684210526315,
      "support": 20.0
    },
    "3": {
      "precision": 0.9090909090909091,
      "recall": 1.0,
      "f1-score": 0.9523809523809523,
      "support": 20.0
    },
    "4": {
      "precision": 1.0,
      "recall": 0.95,
      "f1-score": 0.9743589743589743,
      "support": 20.0
    },
    "5": {
      "precision": 1.0,
      "recall": 0.95,
      "f1-score": 0.9743589743589743,
      "support": 20.0
    },
    "6": {
      "precision": 0.9,
      "recall": 0.9,
      "f1-score": 0.9,
      "support": 20.0
    },
    "7": {
      "precision": 1.0,
      "recall": 1.0,
      "f1-score": 1.0,
      "support": 20.0
    },
    "8": {
      "precision": 0.8636363636363636,
      "recall": 0.95,
      "f1-score": 0.9047619047619048,
      "support": 20.0
    },
    "9": {
      "precision": 0.9523809523809523,
      "recall": 1.0,
      "f1-score": 0.975609756097561,
      "support": 20.0
    },
    "accuracy": 0.96,
    "macro avg": {
      "precision": 0.9625108225108224,
      "recall": 0.96,
      "f1-score": 0.9603197957369971,
      "support": 200.0
    },
    "weighted avg": {
      "precision": 0.9625108225108225,
      "recall": 0.96,
      "f1-score": 0.9603197957369973,
      "support": 200.0
    }
  },
  "confusion_matrix": [
    [
      19,
      0,
      0,
      0,
      0,
      0,
      0,
      0,
      1,
      0
    ],
    [
      0,
      20,
      0,
      0,
      0,
      0,
      0,
      0,
      0,
      0
    ],
    [
      0,
      0,
      18,
      2,
      0,
      0,
      0,
      0,
      0,
      0
    ],
    [
      0,
      0,
      0,
      20,
      0,
      0,
      0,
      0,
      0,
      0
    ],
    [
      0,
      0,
      0,
      0,
      19,
      0,
      1,
      0,
      0,
      0
    ],
    [
      0,
      0,
      0,
      0,
      0,
      19,
      0,
      0,
      0,
      1
    ],
    [
      0,
      0,
      0,
      0,
      0,
      0,
      18,
      0,
      2,
      0
    ],
    [
      0,
      0,
      0,
      0,
      0,
      0,
      0,
      20,
      0,
      0
    ],
    [
      0,
      0,
      0,
      0,
      0,
      0,
      1,
      0,
      19,
      0
    ],
    [
      0,
      0,
      0,
      0,
      0,
      0,
      0,
      0,
      0,
      20
    ]
  ],
  "predictions": [
    0,
    4,
    9,
    1,
    7,
    5,
    8,
    1,
    7,
    8,
    6,
    9,
    8,
    9,
    1,
    6,
    1,
    3,
    2,
    8,
    0,
    5,
    8,
    5,
    1,
    2,
    8,
    0,
    9,
    3,
    3,
    8,
    7,
    0,
    7,
    8,
    9,
    7,
    2,
    3,
    8,
    3,
    4,
    7,
    6,
    9,
    9,
    2,
    7,
    7,
    1,
    7,
    6,
    6,
    9,
    7,
    5,
    6,
    7,
    7,
    2,
    3,
    6,
    8,
    7,
    6,
    6,
    1,
    8,
    5,
    1,
    0,
    5,
    8,
    8,
    4,
    0,
    9,
    6,
    3,
    1,
    1,
    9,
    3,
    6,
    6,
    4,
    6,
    4,
    8,
    2,
    1,
    4,
    1,
    3,
    1,
    0,
    2,
    6,
    7,
    8,
    4,
    8,
    6,
    6,
    1,
    6,
    9,
    5,
    4,
    4,
    4,
    5,
    9,
    0,
    7,
    1,
    3,
    3,
    5,
    2,
    5,
    0,
    4,
    6,
    2,
    1,
    5,
    7,
    0,
    5,
    9,
    2,
    0,
    0,
    4,
    5,
    3,
    4,
    3,
    2,
    4,
    9,
    0,
    3,
    9,
    9,
    2,
    3,
    3,
    5,
    0,
    4,
    0,
    0,
    7,
    8,
    3,
    4,
    3,
    1,
    6,
    2,
    1,
    6,
    3,
    0,
    7,
    8,
    8,
    2,
    5,
    9,
    4,
    0,
    5,
    9,
    8,
    7,
    3,
    2,
    5,
    2,
    8,
    2,
    3,
    7,
    4,
    3,
    5,
    9,
    0,
    4,
    2,
    8,
    1,
    1,
    9,
    5,
    9
  ],
  "targets": [
    0,
    4,
    9,
    1,
    7,
    5,
    8,
    1,
    7,
    6,
    6,
    9,
    8,
    9,
    1,
    6,
    1,
    2,
    2,
    8,
    0,
    5,
    8,
    5,
    1,
    2,
    8,
    0,
    5,
    3,
    3,
    8,
    7,
    0,
    7,
    8,
    9,
    7,
    2,
    3,
    8,
    3,
    4,
    7,
    6,
    9,
    9,
    2,
    7,
    7,
    1,
    7,
    6,
    8,
    9,
    7,
    5,
    6,
    7,
    7,
    2,
    3,
    6,
    8,
    7,
    6,
    6,
    1,
    0,
    5,
    1,
    0,
    5,
    8,
    8,
    4,
    0,
    9,
    6,
    3,
    1,
    1,
    9,
    3,
    6,
    6,
    4,
    6,
    4,
    8,
    2,
    1,
    4,
    1,
    3,
    1,
    0,
    2,
    6,
    7,
    8,
    4,
    8,
    6,
    4,
    1,
    6,
    9,
    5,
    4,
    4,
    4,
    5,
    9,
    0,
    7,
    1,
    3,
    3,
    5,
    2,
    5,
    0,
    4,
    6,
    2,
    1,
    5,
    7,
    0,
    5,
    9,
    2,
    0,
    0,
    4,
    5,
    3,
    4,
    3,
    2,
    4,
    9,
    0,
    3,
    9,
    9,
    2,
    3,
    3,
    5,
    0,
    4,
    0,
    0,
    7,
    8,
    3,
    4,
    3,
    1,
    6,
    2,
    1,
    6,
    3,
    0,
    7,
    8,
    8,
    2,
    5,
    9,
    4,
    0,
    5,
    9,
    8,
    7,
    2,
    2,
    5,
    2,
    8,
    2,
    3,
    7,
    4,
    3,
    5,
    9,
    0,
    4,
    2,
    6,
    1,
    1,
    9,
    5,
    9
  ],
  "evaluation_time": "2025-10-25 18:45:25"
}