{
  "train_loss": [
    2.2875500700690528,
    2.0766612779010427,
    1.5763992233709856
  ],
  "train_acc": [
    12.714285714285714,
    25.857142857142858,
    42.214285714285715
  ],
  "val_loss": [
    2.231089012963431,
    1.7938933372497559,
    1.3193063225064958
  ],
  "val_acc": [
    18.25,
    37.5,
    53.75
  ],
  "epoch_time": [
    0.11112189292907715,
    0.09820032119750977,
    0.09966111183166504
  ],
  "best_epoch": 3,
  "best_val_acc": 53.75,
  "training_time": 0.30898332595825195,
  "total_epochs": 3
}