{
  "train_loss": [
    2.2875500700690528,
    2.0766612779010427,
    1.5763992233709856,
    1.1871876147660343,
    0.9640805504538796,
    0.814455284313722,
    0.6735927001996473,
    0.5636000430042093,
    0.4903530884872783,
    0.41654954715208575,
    0.3758006048473445,
    0.28943184830925683,
    0.2513186294924129,
    0.20887941325252707,
    0.1883062639019706,
    0.14930104565891353,
    0.1431348039345308,
    0.14576106416908177,
    0.12080057778141716,
    0.098417047241872
  ],
  "train_acc": [
    12.714285714285714,
    25.857142857142858,
    42.214285714285715,
    55.07142857142857,
    64.42857142857143,
    69.85714285714286,
    74.07142857142857,
    79.64285714285714,
    82.85714285714286,
    86.21428571428571,
    87.64285714285714,
    90.71428571428571,
    92.71428571428571,
    94.14285714285714,
    93.78571428571429,
    95.64285714285714,
    95.64285714285714,
    95.35714285714286,
    96.57142857142857,
    97.28571428571429
  ],
  "val_loss": [
    2.231089012963431,
    1.7938933372497559,
    1.3193063225064958,
    1.0415560688291277,
    0.8749295813696725,
    0.7456548639706203,
    0.6756218501499721,
    0.6170663152422223,
    0.5662545732089451,
    0.48288133314677645,
    0.44831729360989164,
    0.40668291066374096,
    0.3671431541442871,
    0.341479982648577,
    0.3188932069710323,
    0.2940769834177835,
    0.3059077241591045,
    0.2899151997906821,
    0.2579962079014097,
    0.27169705820935114
  ],
  "val_acc": [
    18.25,
    37.5,
    53.75,
    61.75,
    69.75,
    74.5,
    75.25,
    74.75,
    77.75,
    82.75,
    82.0,
    85.25,
    85.75,
    88.5,
    88.5,
    90.0,
    90.0,
    89.5,
    92.5,
    90.5
  ],
  "epoch_time": [
    0.1907191276550293,
    0.1123499870300293,
    0.11822819709777832,
    0.10912942886352539,
    0.11204767227172852,
    0.11268472671508789,
    0.12904095649719238,
    0.110198974609375,
    0.11107110977172852,
    0.12385702133178711,
    0.10271430015563965,
    0.1098017692565918,
    0.12676286697387695,
    0.13771533966064453,
    0.1386585235595703,
    0.1522080898284912,
    0.15482831001281738,
    0.15327215194702148,
    0.13675642013549805,
    0.15133976936340332
  ],
  "best_epoch": 19,
  "best_val_acc": 92.5,
  "training_time": 2.5933847427368164,
  "total_epochs": 20
}