{
  "train_loss": [
    2.2875500700690528,
    2.0766612779010427,
    1.5763992233709856,
    1.1871876147660343,
    0.9640805504538796,
    0.814455284313722,
    0.6735927001996473,
    0.5636000430042093,
    0.4903530884872783,
    0.41654954715208575
  ],
  "train_acc": [
    12.714285714285714,
    25.857142857142858,
    42.214285714285715,
    55.07142857142857,
    64.42857142857143,
    69.85714285714286,
    74.07142857142857,
    79.64285714285714,
    82.85714285714286,
    86.21428571428571
  ],
  "val_loss": [
    2.231089012963431,
    1.7938933372497559,
    1.3193063225064958,
    1.0415560688291277,
    0.8749295813696725,
    0.7456548639706203,
    0.6756218501499721,
    0.6170663152422223,
    0.5662545732089451,
    0.48288133314677645
  ],
  "val_acc": [
    18.25,
    37.5,
    53.75,
    61.75,
    69.75,
    74.5,
    75.25,
    74.75,
    77.75,
    82.75
  ],
  "epoch_time": [
    0.18781781196594238,
    0.0897376537322998,
    0.10157990455627441,
    0.0932166576385498,
    0.10317516326904297,
    0.09849047660827637,
    0.08411455154418945,
    0.08930206298828125,
    0.09038090705871582,
    0.10585689544677734
  ],
  "best_epoch": 10,
  "best_val_acc": 82.75,
  "training_time": 1.0436720848083496,
  "total_epochs": 10
}