{
  "train_loss": [
    2.2875500700690528,
    2.0766612779010427,
    1.5763992233709856,
    1.1871876147660343,
    0.9640805504538796,
    0.814455284313722,
    0.6735927001996473,
    0.5636000430042093,
    0.4903530884872783,
    0.41654954715208575,
    0.3758006048473445,
    0.28943184830925683,
    0.2513186294924129,
    0.20887941325252707,
    0.1883062639019706,
    0.14930104565891353,
    0.1431348039345308,
    0.14576106416908177,
    0.12080057778141716,
    0.098417047241872
  ],
  "train_acc": [
    12.714285714285714,
    25.857142857142858,
    42.214285714285715,
    55.07142857142857,
    64.42857142857143,
    69.85714285714286,
    74.07142857142857,
    79.64285714285714,
    82.85714285714286,
    86.21428571428571,
    87.64285714285714,
    90.71428571428571,
    92.71428571428571,
    94.14285714285714,
    93.78571428571429,
    95.64285714285714,
    95.64285714285714,
    95.35714285714286,
    96.57142857142857,
    97.28571428571429
  ],
  "val_loss": [
    2.231089012963431,
    1.7938933372497559,
    1.3193063225064958,
    1.0415560688291277,
    0.8749295813696725,
    0.7456548639706203,
    0.6756218501499721,
    0.6170663152422223,
    0.5662545732089451,
    0.48288133314677645,
    0.44831729360989164,
    0.40668291066374096,
    0.3671431541442871,
    0.341479982648577,
    0.3188932069710323,
    0.2940769834177835,
    0.3059077241591045,
    0.2899151997906821,
    0.2579962079014097,
    0.27169705820935114
  ],
  "val_acc": [
    18.25,
    37.5,
    53.75,
    61.75,
    69.75,
    74.5,
    75.25,
    74.75,
    77.75,
    82.75,
    82.0,
    85.25,
    85.75,
    88.5,
    88.5,
    90.0,
    90.0,
    89.5,
    92.5,
    90.5
  ],
  "epoch_time": [
    0.1172642707824707,
    0.09797811508178711,
    0.11490607261657715,
    0.09870362281799316,
    0.10127377510070801,
    0.10809993743896484,
    0.10770583152770996,
    0.10696148872375488,
    0.09737348556518555,
    0.12036395072937012,
    0.13190650939941406,
    0.10439872741699219,
    0.10878205299377441,
    0.10407376289367676,
    0.10358762741088867,
    0.1047360897064209,
    0.10910296440124512,
    0.1047220230102539,
    0.10330677032470703,
    0.10616230964660645
  ],
  "best_epoch": 19,
  "best_val_acc": 92.5,
  "training_time": 2.151409387588501,
  "total_epochs": 20
}